,Player,Goals_21,ixG_21
0,Johnny Gaudreau,26,16.84
1,Auston Matthews,38,24.65
2,Matthew Tkachuk,26,20.18
3,Kirill Kaprizov,25,16.92
4,Mitchell Marner,22,12.56
5,Michael Bunting,21,20.26
6,Connor McDavid,22,22.75
7,Steven Stamkos,22,11.7
8,Leon Draisaitl,26,15.23
9,Vladimir Tarasenko,26,15.44
10,Kevin Fiala,23,16.58
11,Timo Meier,20,21.98
12,Jason Robertson,22,14.58
13,Jonathan Huberdeau,17,14.55
14,Ryan Hartman,27,14.53
15,Nathan MacKinnon,23,16.12
16,Jordan Kyrou,22,12.69
17,Jesper Bratt,21,14.54
18,Patrick Kane,15,11.88
19,Jake Guentzel,25,19.53
20,Robert Thomas,12,10.66
21,Joe Pavelski,14,16.08
22,Alex Ovechkin,24,16.27
23,Roman Josi,10,8.15
24,Nazem Kadri,16,11.82
25,Andre Burakovsky,18,9.52
26,Artemi Panarin,13,8.99
27,Matt Duchene,21,14.17
28,Jeff Skinner,25,20.93
29,J.T. Miller,19,14.4
30,Elias Lindholm,25,17.19
31,Dylan Larkin,22,14.57
32,Conor Garland,17,16.05
33,Carter Verhaeghe,21,15.87
34,Kyle Connor,28,17.16
35,Mikko Rantanen,17,14.49
36,Tage Thompson,24,14.7
37,Filip Forsberg,26,14.87
38,Ivan Barbashev,17,10.77
39,Alexander Kerfoot,11,9.69
40,Sam Reinhart,14,15.86
41,David Pastrnak,22,15.64
42,Cale Makar,13,7.76
43,Brad Marchand,18,14.96
44,Mats Zuccarello,16,7.6
45,Chandler Stephenson,11,7.99
46,Troy Terry,23,16.74
47,Pavel Buchnevich,15,10.78
48,Travis Konecny,12,14.1
49,Clayton Keller,18,10.42
50,Brady Tkachuk,15,16.33
51,Taylor Hall,10,11.53
52,Phillip Danault,24,17.65
53,William Nylander,18,14.96
54,Nick Schmaltz,14,8.26
55,Mason Marchment,15,13.01
56,Trevor Zegras,12,12.93
57,Sidney Crosby,15,13.6
58,John Tavares,15,19.59
59,Mika Zibanejad,12,11.49
60,Tomas Hertl,18,14.8
61,Nikolaj Ehlers,20,15.22
62,Alex DeBrincat,18,15.97
63,Mark Scheifele,17,11.92
64,Tyler Bertuzzi,18,12.6
65,Aleksander Barkov,15,12.79
66,Sebastian Aho,15,17.48
67,Nico Hischier,13,10.54
68,Andrei Svechnikov,16,16.55
69,Cam Atkinson,16,13.69
70,Victor Hedman,11,7.2
71,Erik Haula,15,11.44
72,Evgeny Kuznetsov,13,10.48
73,Nino Niederreiter,18,16.28
74,Brady Skjei,9,7.57
75,Andrew Mangiapane,23,15.75
76,Roope Hintz,24,18.68
77,Alex Killorn,14,11.04
78,Justin Faulk,13,7.65
79,Brock Nelson,21,11.51
80,Zach Hyman,19,18.75
81,Jonathan Marchessault,18,16.32
82,Morgan Rielly,7,6.73
83,Valeri Nichushkin,15,14.05
84,Kris Letang,6,6.24
85,Nikita Kucherov,14,9.43
86,Viktor Arvidsson,12,15.25
87,Mathew Barzal,12,12.83
88,Jack Roslovic,17,9.9
89,Anze Kopitar,12,12.79
90,Claude Giroux,13,9.81
91,Ryan Strome,11,10.86
92,Frederick Gaudreau,12,9.06
93,Patrik Laine,14,7.11
94,Trevor Moore,8,17.6
95,Nick Suzuki,9,10.37
96,Lucas Raymond,16,13.73
97,Patrice Bergeron,14,14.76
98,Phil Kessel,5,11.08
99,Ondrej Palat,14,12.36
100,Yanni Gourde,14,10.59
101,Anthony Duclair,18,12.6
102,Devon Toews,7,5.56
103,Pierre-Luc Dubois,9,19.27
104,Blake Wheeler,12,13.36
105,Paul Stastny,14,13.64
106,Jordan Eberle,16,12.85
107,Ryan O'Reilly,9,11.46
108,Chris Kreider,20,16.36
109,Craig Smith,16,13.35
110,Gabriel Landeskog,16,11.46
111,Shayne Gostisbehere,12,4.55
112,Andreas Johnsson,11,10.05
113,Oliver Bjorkstrand,16,14.63
114,Andrew Copp,14,11.94
115,Conor Sheary,14,10.38
116,Sam Bennett,19,15.28
117,Victor Olofsson,10,8.78
118,Dylan Strome,17,10.01
119,Adam Fox,8,4.13
120,Martin Necas,10,10.53
121,Yegor Sharangovich,16,13.92
122,Jack Hughes,16,13.02
123,Seth Jarvis,14,12.51
124,Dawson Mercer,14,13.09
125,Evgenii Dadonov,12,12.47
126,Brayden Schenn,13,7.56
127,Vincent Trocheck,11,13.69
128,Artturi Lehkonen,14,15.43
129,Max Domi,9,7.54
130,Jake DeBrusk,17,13.69
131,Ross Colton,20,14.7
132,Tanner Jeannot,17,11.05
133,Evan Bouchard,9,6.99
134,Josh Bailey,12,7.39
135,Gustav Nyquist,9,8.18
136,Blake Coleman,15,17.48
137,Boone Jenner,14,10.39
138,Tom Wilson,14,10.21
139,Ryan Donato,15,12.08
140,Brayden Point,15,13.06
141,Rem Pitlick,12,7.09
142,Anton Lundell,13,9.7
143,Mikael Backlund,10,13.02
144,Jakub Voracek,2,7.71
145,Marcus Foligno,14,9.41
146,Ryan Johansen,11,5.54
147,Tyler Seguin,17,12.68
148,Mikael Granlund,7,7.18
149,Travis Boyd,14,10.04
150,Brandon Saad,13,10.98
151,Rickard Rakell,14,14.22
152,Jacob Trouba,8,7.23
153,Jaccob Slavin,3,5.46
154,MacKenzie Weegar,5,8.54
155,Shea Theodore,7,8.63
156,Aaron Ekblad,10,5.74
157,Jared McCann,17,10.52
158,Danton Heinen,15,14.1
159,Noah Hanifin,8,6.5
160,Evan Rodrigues,9,15.5
161,Kailer Yamamoto,14,13.17
162,Elias Pettersson,16,12.86
163,Pius Suter,14,15.59
164,Joel Farabee,14,8.02
165,Matt Boldy,12,7.01
166,Kyle Okposo,11,10.32
167,Jordan Staal,13,15.49
168,James van Riemsdyk,15,13.54
169,Adam Henrique,11,12.44
170,Anders Lee,17,15.11
171,Bryan Rust,10,11.09
172,Mike Matheson,11,5.95
173,Frank Vatrano,15,11.94
174,Nicolas Roy,13,14.62
175,Brandon Hagel,16,8.84
176,Josh Norris,16,11.13
177,Alexander Barabanov,6,8.28
178,Brent Burns,6,5.15
179,Jonathan Toews,7,8.38
180,David Perron,12,9.73
181,Reilly Smith,11,10.42
182,Charlie Coyle,10,8.98
183,Colton Parayko,4,5.96
184,Nicholas Paul,13,12.0
185,Seth Jones,5,6.21
186,Travis Sanheim,6,5.6
187,Brandon Montour,9,7.72
188,Gustav Forsling,8,5.78
189,Quinn Hughes,7,3.35
190,Rasmus Dahlin,9,4.6
191,Alex Newhook,10,8.12
192,Alexis Lafrenière,18,9.13
193,Jeff Carter,11,11.81
194,Corey Perry,8,14.78
195,John Carlson,5,6.06
196,Kyle Palmieri,13,13.87
197,Dmitry Orlov,9,4.54
198,Jesper Fast,12,12.94
199,Tanner Pearson,11,12.85
200,Damon Severson,6,5.37
201,Josh Anderson,14,13.91
202,Connor Brown,9,9.1
203,Alex Wennberg,8,6.18
204,Pierre Engvall,10,11.12
205,Anthony Cirelli,10,12.16
206,Mikhail Sergachev,5,5.04
207,Drake Batherson,12,7.28
208,Logan Couture,11,12.2
209,Evander Kane,12,11.0
210,Christopher Tanev,5,3.05
211,Jean-Gabriel Pageau,12,9.25
212,Barclay Goodrow,10,9.91
213,Bo Horvat,12,10.11
214,Alex Tuch,7,8.92
215,Tony DeAngelo,8,4.69
216,Adrian Kempe,17,15.3
217,Jake Evans,11,9.42
218,Rasmus Andersson,2,4.2
219,Joel Eriksson Ek,11,12.11
220,Vladislav Gavrikov,4,4.86
221,Charlie McAvoy,3,6.32
222,Jesse Puljujarvi,9,14.07
223,Filip Hronek,2,3.78
224,Alex Formenton,12,13.75
225,Alex Iafallo,11,13.07
226,Jesperi Kotkaniemi,12,8.2
227,Noah Dobson,8,5.01
228,Dylan Cozens,11,11.64
229,Tim Stützle,11,11.65
230,Jamie Benn,9,14.3
231,Lars Eller,11,8.4
232,Derek Grant,11,9.56
233,William Karlsson,8,10.86
234,Scott Laughton,8,8.91
235,Ryan Graves,6,5.11
236,Sonny Milano,9,8.41
237,Oskar Lindblom,11,9.91
238,Pavel Zacha,8,11.51
239,Oliver Kylington,6,4.99
240,Lawson Crouse,15,10.58
241,Cole Caufield,15,11.58
242,Cole Sillinger,14,12.77
243,Zach Parise,9,11.21
244,TJ Brodie,4,2.96
245,Tomas Tatar,12,12.62
246,John Klingberg,3,4.92
247,Vladislav Namestnikov,12,11.15
248,Teuvo Teravainen,10,10.13
249,Adam Pelech,2,4.61
250,Teddy Blueger,7,6.78
251,Kasperi Kapanen,11,8.62
252,Nicolas Aube-Kubel,11,8.03
253,Christian Dvorak,9,7.47
254,Anthony Beauvillier,7,11.64
255,Dillon Dube,13,11.69
256,Dante Fabbro,2,3.12
257,Vasily Podkolzin,12,9.08
258,Dustin Brown,7,8.67
259,Anton Stralman,7,3.14
260,Ryan McDonagh,4,4.73
261,Kevin Hayes,6,6.6
262,Mark Stone,5,5.99
263,Vinnie Hinostroza,11,7.25
264,Warren Foegele,9,12.19
265,Zach Werenski,6,8.56
266,Thomas Chabot,6,7.09
267,Mathieu Joseph,8,7.58
268,Denis Gurianov,6,8.44
269,Eric Robinson,7,8.86
270,Isac Lundestrom,11,8.51
271,Moritz Seider,2,4.78
272,Philip Tomasino,8,10.18
273,Ryan Getzlaf,1,5.66
274,Sam Gagner,8,8.76
275,Max Pacioretty,14,8.22
276,Jared Spurgeon,7,3.75
277,Sean Kuraly,10,9.46
278,Adam Larsson,7,4.16
279,Torey Krug,4,4.1
280,Cody Ceci,5,3.32
281,Brett Pesce,4,4.86
282,Nikita Zadorov,3,4.14
283,Garnet Hathaway,11,11.03
284,Vince Dunn,5,4.64
285,Keegan Kolesar,5,9.3
286,Derek Ryan,10,7.35
287,Michael Rasmussen,13,11.39
288,Jesper Boqvist,9,6.46
289,Miro Heiskanen,1,6.52
290,Eetu Luostarinen,6,8.47
291,Artem Zub,6,3.5
292,Alex Goligoski,2,2.51
293,Jeff Petry,6,3.71
294,Pat Maroon,8,9.79
295,P.K. Subban,5,4.42
296,Erik Karlsson,7,4.88
297,Tyler Ennis,7,6.06
298,Dmitry Kulikov,5,3.86
299,Mattias Ekholm,5,5.39
300,Calle Jarnkrok,8,6.73
301,Tyler Toffoli,6,10.53
302,Ryan Nugent-Hopkins,6,7.98
303,Jake McCabe,3,3.25
304,Brock McGinn,10,8.16
305,Dominik Kubalik,10,12.07
306,Mattias Janmark,6,8.98
307,William Carrier,9,13.9
308,Darnell Nurse,6,7.36
309,Robby Fabbri,10,9.9
310,Jordan Greenway,6,8.6
311,Brock Boeser,9,11.87
312,Yakov Trenin,13,12.78
313,Luke Kunin,13,11.44
314,Samuel Girard,4,2.64
315,Timothy Liljegren,4,3.51
316,Filip Chytil,8,11.92
317,Brian Boyle,10,6.96
318,Patric Hornqvist,8,12.57
319,Erik Johnson,6,4.6
320,Kevin Shattenkirk,6,5.38
321,Alex Pietrangelo,7,6.79
322,Derek Stepan,9,9.52
323,Nick Jensen,5,3.99
324,Nic Dowd,9,7.51
325,Justin Holl,2,3.41
326,Jon Merrill,4,2.26
327,Cam Fowler,2,4.08
328,Dougie Hamilton,6,8.11
329,Alex Galchenyuk,5,7.41
330,Oskar Sundqvist,7,6.16
331,Colton Sissons,5,7.91
332,Anthony Mantha,7,6.19
333,Nick Ritchie,11,8.66
334,Evgeny Svechnikov,7,7.53
335,Ivan Provorov,7,5.48
336,John Marino,1,3.93
337,Rudolfs Balcers,10,8.34
338,David Kampf,8,9.11
339,Logan O'Connor,7,9.34
340,Blake Lizotte,8,8.27
341,Ilya Mikheyev,11,9.98
342,Ryan Suter,3,3.62
343,Mark Giordano,3,3.5
344,Evgeni Malkin,10,6.86
345,Ian Cole,2,2.68
346,Mike Hoffman,10,7.32
347,Marcus Johansson,6,7.92
348,Oliver Ekman-Larsson,2,5.01
349,Ben Chiarot,6,4.56
350,Joonas Donskoi,2,7.72
351,Matt Grzelcyk,3,3.47
352,Brett Kulak,5,3.03
353,Nate Schmidt,2,3.94
354,J.T. Compher,11,9.18
355,Josh Morrissey,5,7.64
356,Marcus Pettersson,2,3.62
357,Michael Amadio,11,6.76
358,Ondrej Kase,9,8.33
359,Alexandre Carrier,1,3.77
360,Rasmus Asplund,2,9.27
361,Trent Frederic,8,8.9
362,Noah Gregor,8,10.89
363,Jake Bean,5,4.05
364,Morgan Geekie,7,7.3
365,Neal Pionk,1,5.19
366,Jan Rutta,3,3.45
367,Zach Whitecloud,7,4.05
368,Kirby Dach,7,8.35
369,Duncan Keith,1,3.05
370,Loui Eriksson,2,6.8
371,Milan Lucic,8,8.52
372,Nick Bonino,11,10.39
373,Justin Braun,6,2.21
374,Justin Schultz,2,4.32
375,Tyson Barrie,4,3.91
376,Brenden Dillon,2,2.9
377,Johan Larsson,4,3.8
378,Erik Gudbranson,6,3.85
379,Sam Carrick,9,6.86
380,Nick Cousins,5,7.41
381,Victor Rask,7,4.27
382,Matt Nieto,6,6.33
383,Hampus Lindholm,4,5.36
384,Matt Dumba,5,4.01
385,Pierre-Edouard Bellemare,8,7.05
386,Daniel Sprong,12,12.11
387,Ryan Lomberg,9,7.56
388,Sam Steel,6,6.0
389,Brett Howden,8,5.73
390,Tyson Jost,6,8.04
391,Taylor Raddysh,7,10.78
392,Michael McLeod,5,5.94
393,Owen Tippett,8,9.78
394,K'Andre Miller,4,3.49
395,Barrett Hayton,7,6.24
396,Arthur Kaliyev,8,12.1
397,Connor McMichael,8,11.51
398,Derick Brassard,7,5.25
399,Drew Doughty,2,2.44
400,Brian Dumoulin,3,4.03
401,Jonas Brodin,3,3.36
402,Adam Erne,5,8.36
403,Zach Sanford,7,10.24
404,Jonathan Drouin,6,4.14
405,Mason Appleton,6,9.34
406,Eeli Tolvanen,10,9.11
407,Jacob Peterson,12,8.45
408,Oliver Wahlstrom,8,10.82
409,Ryan McLeod,7,6.75
410,Adam Boqvist,8,4.02
411,Ty Smith,5,3.37
412,Alexander Edler,3,2.04
413,Wayne Simmonds,5,8.83
414,Tyler Myers,1,5.65
415,Jakob Silfverberg,4,6.59
416,Colin Blackwell,8,5.31
417,Josh Manson,6,4.07
418,Brad Hunt,3,1.92
419,Esa Lindell,3,3.03
420,Jordan Martinook,6,7.58
421,Carson Soucy,9,3.92
422,Curtis Lazar,8,9.37
423,Trevor van Riemsdyk,1,3.5
424,Tomas Nosek,3,8.97
425,Juho Lammikko,7,7.12
426,Jack Eichel,10,7.04
427,Matt Roy,2,5.85
428,Jakob Chychrun,5,4.3
429,Kieffer Bellows,6,6.39
430,Janne Kuokkanen,4,5.74
431,Brandon Duhaime,5,7.53
432,Philipp Kurashev,3,6.5
433,Joe Veleno,8,6.28
434,Nils Hoglander,9,10.73
435,Kaapo Kakko,6,5.47
436,Alexander Radulov,3,9.81
437,Marc-Edouard Vlasic,3,2.68
438,Nicklas Backstrom,4,4.02
439,Nick Holden,5,3.22
440,Luke Schenn,2,1.79
441,Zack Kassian,3,5.83
442,Nick Leddy,3,2.21
443,Brayden McNabb,1,3.5
444,Chris Wideman,4,1.83
445,Casey Cizikas,9,8.85
446,David Savard,3,3.72
447,Jason Zucker,5,5.85
448,Jaden Schwartz,4,6.09
449,Brendan Gallagher,1,11.9
450,Jamie Oleksiak,0,5.3
451,Radek Faksa,2,8.35
452,Dryden Hunt,5,10.13
453,Carl Grundstrom,8,7.64
454,Nathan Bastian,9,9.07
455,Nicolas Hague,4,4.88
456,Morgan Frost,4,5.88
457,Max Comtois,6,6.46
458,Ryan Poehling,6,7.02
459,Alexandre Texier,7,4.33
460,Martin Fehervary,6,3.5
461,Filip Zadina,6,9.47
462,Nico Sturm,5,7.76
463,Jamie Drysdale,3,6.13
464,Jason Spezza,7,6.37
465,Marc Staal,2,3.27
466,T.J. Oshie,6,4.78
467,Radko Gudas,2,3.49
468,Derek Forbort,4,1.79
469,Riley Sheahan,4,5.49
470,Scott Mayfield,3,3.14
471,Zemgus Girgensons,7,6.88
472,Chris Tierney,3,6.85
473,Ben Hutton,3,2.54
474,Chad Ruhwedel,4,3.12
475,Michael Raffl,6,7.82
476,Tyler Motte,5,7.29
477,Rasmus Ristolainen,2,3.65
478,Ryan Pulock,2,4.23
479,Jakub Vrana,8,4.08
480,Brendan Lemieux,8,7.2
481,Erik Cernak,1,3.25
482,Jansen Harkins,7,6.28
483,Ethan Bear,5,3.65
484,Steven Lorentz,8,10.3
485,Ryan Lindgren,2,3.26
486,Jonathan Dahlen,8,9.42
487,Justin Danforth,10,7.64
488,Zach Aston-Reese,3,6.77
489,Henri Jokiharju,2,1.98
490,Bowen Byram,3,2.11
491,Yegor Chinakhov,6,6.65
492,Zdeno Chara,2,2.7
493,Ryan Reaves,4,4.73
494,Nick Foligno,2,6.67
495,Jake Muzzin,3,2.44
496,Carl Hagelin,2,6.23
497,Alex Chiasson,7,6.76
498,Mark Pysyk,3,3.15
499,Mike Reilly,3,4.53
500,Luke Glendening,9,10.9
501,Jimmy Vesey,5,9.65
502,Nathan Walker,8,4.43
503,Sam Lafferty,5,6.89
504,Jonas Siegenthaler,1,2.69
505,Brandon Carlo,5,3.56
506,Dominik Simon,3,7.17
507,Adam Gaudette,3,5.87
508,Andrew Peeke,0,2.37
509,Logan Stanley,1,3.03
510,Maxim Mamin,5,6.06
511,Mario Ferraro,2,1.96
512,Gustav Lindstrom,1,1.14
513,Parker Kelly,7,4.93
514,Rasmus Sandin,4,2.27
515,Ilya Lyubushkin,1,1.92
516,Andrew Cogliano,2,5.32
517,Darren Helm,6,6.69
518,Trevor Lewis,2,8.13
519,Cal Clutterbuck,3,5.53
520,Nicolas Deslauriers,6,8.52
521,Nick Bjugstad,6,8.22
522,Austin Watson,7,6.89
523,Adam Lowry,8,13.13
524,Andreas Athanasiou,7,5.72
525,Erik Gustafsson,2,2.12
526,Michael McCarron,6,4.95
527,Laurent Dauphin,3,4.73
528,Dysin Mayo,4,2.75
529,Matthew Highmore,4,5.18
530,Niko Mikkola,2,2.29
531,Michael Pezzetta,5,5.31
532,MacKenzie Entwistle,4,3.67
533,Emil Bemstrom,6,4.64
534,Peyton Krebs,7,4.03
535,J.J. Moser,3,1.91
536,Andy Greene,2,2.0
537,Michael Del Zotto,2,0.89
538,Travis Hamonic,4,3.35
539,Connor Murphy,4,2.11
540,Colin Miller,2,1.25
541,Devin Shore,4,3.6
542,Matthew Benning,0,2.11
543,Danny DeKeyser,0,2.28
544,Connor Clifton,2,2.67
545,Sean Monahan,3,8.55
546,Ryan Carpenter,2,6.38
547,Caleb Jones,4,2.3
548,Dean Kukan,3,2.31
549,Logan Brown,4,4.56
550,Riley Stillman,2,1.93
551,Gerry Mayhew,9,4.94
552,Casey Mittelstadt,4,4.19
553,Adam Ruzicka,5,3.01
554,Sebastian Aho,2,1.48
555,Alexander Romanov,3,3.08
556,Braden Schneider,2,1.41
557,Marco Scandella,2,3.59
558,Tyler Bozak,2,3.47
559,Jani Hakanpaa,2,2.13
560,Dylan DeMelo,0,2.9
561,Dominic Toninato,6,5.06
562,Anton Blidh,2,2.25
563,Jason Dickinson,4,6.12
564,Patrick Brown,4,4.68
565,Jacob Middleton,3,3.08
566,Gabriel Carlsson,2,0.69
567,Kevin Rooney,5,5.14
568,Lucas Carlsson,3,2.01
569,Dylan Coghlan,1,3.28
570,Zack MacEwen,3,8.32
571,Cal Foote,2,2.27
572,Klim Kostin,4,2.69
573,Sean Durzi,1,3.42
574,Mattias Samuelsson,0,1.91
575,Rasmus Kupari,3,4.89
576,Karson Kuhlman,2,5.89
577,Jasper Weatherby,4,4.54
578,Quinton Byfield,5,5.6
579,Brad Richardson,4,2.94
580,Andrew Ladd,4,4.74
581,Kris Russell,1,1.12
582,Keith Yandle,0,2.36
583,Alec Martinez,3,1.32
584,Zach Bogosian,3,2.47
585,Antoine Roussel,4,6.45
586,Cody Eakin,3,4.68
587,Ryan Dzingel,5,3.22
588,Joel Armia,4,7.82
589,Olli Maatta,1,2.29
590,Jaycob Megna,2,1.42
591,Dakota Joshua,3,4.1
592,Anders Bjork,5,4.28
593,Christian Fischer,4,5.58
594,Brandon Tanev,4,3.89
595,Gavin Bayreuther,0,1.58
596,Kole Lind,2,2.51
597,Fabian Zetterlund,3,2.82
598,Noah Cates,4,3.06
599,Tobias Bjornfot,0,2.37
600,Aliaksei Protas,3,3.97
601,Joe Thornton,2,2.66
602,Jack Johnson,1,1.73
603,Mathieu Perreault,3,2.58
604,Brendan Smith,3,1.91
605,Jordie Benn,0,1.15
606,Gregory Hofmann,2,2.63
607,Sean Couturier,3,5.46
608,Brendan Gaunce,5,3.78
609,Ross Johnston,2,1.21
610,Jordan Oesterle,1,1.71
611,Jake Walman,1,4.07
612,Austin Czarnik,2,1.11
613,Noel Acciari,3,4.23
614,Will Borgen,2,1.5
615,Cam Dineen,0,2.46
616,Josh Mahura,3,1.65
617,Givani Smith,4,4.19
618,Boris Katchouk,3,5.36
619,Nikita Zaitsev,1,2.08
620,Mikey Anderson,2,2.94
621,Sasha Chmelevski,0,2.45
622,Joel Kiviranta,1,5.8
623,Matt Martin,2,6.62
624,Calvin de Haan,3,4.02
625,Andrej Sustr,1,0.87
626,Buddy Robinson,1,2.97
627,Will Butcher,2,1.75
628,Josh Brown,0,1.26
629,Robert Hagg,0,2.26
630,Max Willman,4,4.28
631,Travis Dermott,1,2.27
632,Nicolas Meloche,2,1.58
633,Jeremy Lauzon,2,2.5
634,Mitchell Stephens,0,1.23
635,Julien Gauthier,2,7.38
636,Kale Clague,2,1.19
637,Victor Mete,0,1.42
638,Henrik Borgstrom,4,3.6
639,Oskar Steen,2,1.67
640,Casey Fitzgerald,0,1.59
641,Michael Carcone,4,3.31
642,Matt Luff,3,2.75
643,Jake Leschyshyn,2,3.57
644,Jonas Rondbjerg,2,3.3
645,Scott Reedy,4,3.25
646,Calle Rosen,2,0.86
647,Reese Johnson,1,2.13
648,Cam York,2,0.91
649,Jordan Spence,2,1.18
650,Cole Perfetti,2,1.88
651,Radim Zohorna,2,1.52
652,Paul Byron,3,2.65
653,Tyler Johnson,3,2.15
654,Patrik Nemeth,2,2.45
655,Joel Edmundson,2,0.77
656,Mark Jankowski,2,1.36
657,Kurtis MacDermid,2,2.15
658,Carter Rowney,4,1.74
659,Joel Hanley,2,0.72
660,Brendan Perlini,4,1.98
661,Mark Friedman,1,2.02
662,William Lagesson,0,0.91
663,Kyle Capobianco,0,2.23
664,Brett Murray,2,2.38
665,Dylan Gambrell,2,5.29
666,Jeffrey Viel,3,3.17
667,Alex Barré-Boulet,3,1.47
668,Vinni Lettieri,3,3.72
669,Nolan Patrick,2,2.75
670,Dylan Samberg,0,0.52
671,Erik Brannstrom,0,2.76
672,Morgan Barron,2,2.77
673,Connor Dewar,2,3.04
674,Simon Benoit,1,1.8
675,Joe Snively,3,2.02
676,Corey Schueneman,2,1.16
677,Brett Leason,3,3.28
678,Drew O'Connor,3,3.55
679,Matty Beniers,1,0.58
680,Andrej Sekera,1,0.8
681,Riley Nash,0,2.69
682,Kyle Turris,1,1.33
683,Colton Sceviour,2,3.03
684,Robert Bortuzzo,1,2.41
685,Michael Stone,1,0.49
686,Kyle Clifford,1,1.85
687,Matt Irwin,1,0.57
688,Greg McKegg,2,2.76
689,Tyler Pitlick,1,3.3
690,Brett Ritchie,3,4.81
691,Derrick Pouliot,0,0.5
692,Slater Koekkoek,0,0.33
693,Kyle Burroughs,1,1.52
694,John Hayden,2,5.79
695,Haydn Fleury,2,1.75
696,Sammy Blais,0,1.8
697,Colton White,0,1.0
698,Sami Niku,0,0.21
699,Philippe Myers,1,1.25
700,Drake Caggiula,2,1.52
701,Axel Jonsson-Fjallby,2,2.18
702,Gabriel Vilardi,3,2.91
703,Marian Studenic,2,4.65
704,Mark Kastelic,2,1.42
705,Ryan Merkley,1,0.87
706,Calen Addison,2,0.68
707,Nathan Smith,2,1.56
708,Jesse Ylonen,2,1.2
709,Nolan Foote,3,1.29
710,Ronnie Attard,2,0.87
711,Ville Heinola,0,0.79
712,Lassi Thomson,0,0.24
713,Thomas Harley,1,1.79
714,Arttu Ruotsalainen,2,1.61
715,Matias Maccelli,1,1.61
716,Thomas Bordeleau,0,1.16
717,Nate Thompson,1,1.96
718,Mark Borowiecki,0,1.65
719,Kevin Connauton,1,1.34
720,Justin Dowling,1,1.18
721,Nick Seeler,1,1.27
722,Logan Shaw,1,1.25
723,Josh Leivo,1,1.28
724,Nathan Beaulieu,0,0.85
725,Matt Tennyson,0,0.19
726,Ryan Murray,0,1.01
727,Jujhar Khaira,3,2.75
728,Liam O'Brien,2,3.84
729,Jayson Megna,0,1.73
730,Hayden Hodgson,1,1.49
731,Thomas Novak,0,1.77
732,Tanner Kero,0,1.23
733,Jalen Chatfield,0,1.26
734,Adam Brooks,2,1.46
735,Dennis Cholowski,0,0.52
736,Troy Stecher,1,1.65
737,Jonah Gadjovich,1,4.59
738,Urho Vaakanainen,0,0.73
739,Kristian Vesalainen,2,2.83
740,Jack Studnicka,0,1.41
741,Robin Salo,1,0.49
742,Jacob Bryson,0,1.15
743,Carson Meyer,1,1.19
744,Jack McBain,2,1.38
745,Kevin Bahl,1,0.53
746,Jan Jenik,2,1.92
747,Bobby Brink,0,1.81
748,Philip Broberg,1,1.04
749,Vladislav Kolyachonok,1,1.07
750,Owen Power,2,0.44
751,Marc McLaughlin,3,1.07
752,James Neal,1,1.63
753,Brad Malone,1,0.6
754,Jay Beagle,1,2.3
755,Greg Pateryn,1,0.48
756,Ryan Ellis,1,0.2
757,Michael Sgarbossa,1,1.34
758,Mackenzie MacEachern,0,1.57
759,Cedric Paquette,0,1.06
760,Scott Sabourin,0,0.47
761,Tucker Poolman,1,1.77
762,Jonny Brodzinski,1,2.16
763,Carl Dahlstrom,0,0.07
764,Kevin Labanc,1,1.8
765,Colin White,0,3.17
766,Jakub Zboril,0,0.78
767,A.J. Greer,1,1.2
768,Nick Merkley,1,0.89
769,Noah Juulsen,0,0.17
770,Lane Pederson,0,1.84
771,Kyle Criscuolo,0,0.29
772,Tyler Benson,1,1.23
773,Jacob Moverare,0,0.31
774,Michal Kempny,1,0.62
775,Otto Koivula,0,0.64
776,Jeremy Davies,0,0.18
777,Juuso Valimaki,0,0.41
778,Isaac Ratcliffe,1,1.1
779,Radim Simek,1,1.61
780,Alexei Toropchenko,2,4.39
781,Sheldon Dries,1,2.01
782,Trey Fix-Wolansky,1,0.33
783,Kristian Reichel,1,1.66
784,Austin Strand,0,0.24
785,Kiefer Sherwood,1,0.87
786,Jack Drury,2,0.77
787,Benoit-Olivier Groulx,0,1.22
788,Nils Lundkvist,0,0.53
789,Riley Damiani,1,1.53
790,Paul Cotter,2,0.78
791,Scott Perunovich,0,0.39
792,Taro Hirose,0,0.75
793,Nikita Okhotiuk,1,0.3
794,Alex Vlasic,1,0.43
795,Santeri Hatakka,0,0.12
796,Zac Jones,0,0.43
797,Jake Neighbours,1,0.55
798,Justin Barron,1,0.32
799,Mike Hardman,0,1.54
800,Matt Kiersted,1,0.39
801,Mason McTavish,2,1.24
802,Nick Blankenburg,0,0.41
803,Blake Comeau,1,0.13
804,Brett Connolly,0,0.48
805,Jarred Tinordi,1,0.19
806,Matthew Peca,0,0.15
807,Josh Archibald,0,0.27
808,Joseph Cramarossa,0,0.07
809,Andy Andreoff,1,0.34
810,Dmitrij Jaskin,0,1.89
811,Scott Harrington,0,0.19
812,Gemel Smith,0,0.01
813,Danny O'Regan,0,0.27
814,Petteri Lindbohm,0,0.4
815,Ben Harpur,0,0.48
816,Nic Petan,0,1.75
817,Clark Bishop,0,0.89
818,Dylan Sikura,0,0.41
819,Bokondji Imama,1,0.35
820,Cooper Marody,0,0.16
821,Jacob Larsson,0,0.12
822,Lukas Vejdemo,1,0.93
823,Christian Wolanin,0,0.13
824,Markus Nutivaara,0,0.0
825,Ethan Prow,1,0.2
826,Lucas Johansen,0,0.03
827,Libor Hajek,0,0.32
828,Markus Niemelainen,0,0.24
829,Beck Malenstyn,1,0.98
830,Riley Tufte,1,0.59
831,Kasper Bjorkqvist,1,0.89
832,Garrett Pilon,1,0.12
833,Fredrik Karlstrom,0,0.12
834,Linus Hogberg,0,0.07
835,Mathieu Olivier,0,0.47
836,Cody Glass,0,0.62
837,Reilly Walsh,0,0.01
838,Lias Andersson,1,3.16
839,Jayden Halbgewachs,0,0.48
840,Grant Hutton,1,1.22
841,Sean Walker,0,0.61
842,Alec Regula,1,0.57
843,Gabriel Fortier,1,1.19
844,Jacob Bernard-Docker,0,0.21
845,Jordan Harris,1,0.37
846,Juuso Riikola,0,0.16
847,Josiah Slavin,0,1.39
848,John Leonard,1,1.18
849,Rafael Harvey-Pinard,1,0.53
850,Jake Christiansen,1,0.32
851,Mattias Norlinder,0,0.1
852,Nicholas Robertson,1,0.62
853,Valtteri Puustinen,0,0.14
854,Nicholas Abruzzese,1,1.1
855,Connor Mackey,0,0.3
856,Jack Quinn,0,0.14
857,Lukas Reichel,0,0.86
858,Alexander Holtz,0,0.8
859,Hendrix Lapierre,1,0.57
860,Daniil Miromanov,0,0.67
861,Alex Steeves,0,0.26
862,Jackson Cates,1,0.59
863,Kent Johnson,0,0.82
864,William Eklund,0,0.89
865,Jesper Froden,1,0.77
866,Ben Meyers,1,0.96
867,Alex Biega,0,0.03
868,Leo Komarov,0,0.0
869,Thomas Hickey,0,0.0
870,Zac Dalpe,0,0.0
871,Luke Witkowski,0,0.0
872,John Moore,0,0.23
873,Richard Panik,0,0.52
874,Andrew Agozzino,0,0.03
875,Chris Wagner,0,0.17
876,Alex Belzile,0,0.8
877,Max McCormick,0,0.68
878,Fredrik Claesson,0,0.08
879,T.J. Tynan,0,0.04
880,Steven Fogarty,0,0.14
881,Kyle Rau,0,0.06
882,Rocco Grimaldi,0,0.86
883,Sven Baertschi,0,0.03
884,Stefan Noesen,0,0.65
885,Seth Griffith,0,0.0
886,Turner Elson,0,0.02
887,Kurtis Gabriel,0,0.0
888,Stefan Matteau,0,0.0
889,Martin Frk,0,0.57
890,Paul LaDue,0,0.0
891,Riley Barber,0,0.1
892,Tyler Lewington,0,0.06
893,Hudson Fasching,0,0.61
894,Mason Geertsen,0,0.99
895,Miles Wood,0,0.29
896,Remi Elie,0,0.16
897,Dillon Heatherington,0,0.03
898,Justin Bailey,0,0.56
899,Madison Bowey,0,0.01
900,Frederik Gauthier,0,0.18
901,Dakota Mermis,0,0.01
902,Brandon Baddock,0,0.0
903,Michael Dal Colle,0,0.13
904,Ryan MacInnis,0,0.08
905,Chase DeLeo,0,0.32
906,Austin Poganski,0,1.31
907,CJ Suess,0,0.06
908,Anthony Angello,0,0.08
909,Darren Raddysh,0,0.05
910,Vladimir Tkachev,0,0.03
911,Brendan Guhle,0,0.45
912,Glenn Gawdin,0,0.09
913,Guillaume Brisebois,0,0.0
914,Blake Speers,0,0.05
915,Zach Senyshyn,0,0.01
916,Chase Pearson,0,0.73
917,Kevin Stenlund,0,0.18
918,Christian Jaros,0,0.62
919,Brett Seney,0,0.17
920,Kole Sherwood,0,0.07
921,Andrew Poturalski,0,0.27
922,Dan Renouf,0,0.11
923,Joey Anderson,0,0.67
924,Maxime Lajoie,0,0.4
925,Wade Allison,0,0.17
926,Olli Juolevi,0,0.4
927,Tim Gettinger,0,0.3
928,William Lockwood,0,1.45
929,Max Jones,0,0.11
930,Connor Bunnaman,0,1.29
931,Sean Day,0,0.03
932,Jacob MacDonald,0,1.33
933,Anthony Greco,0,0.63
934,Tanner Laczynski,0,0.0
935,Mikhail Maltsev,0,1.44
936,Rhett Gardner,0,0.03
937,Michael Eyssimont,0,0.03
938,Chase Priskie,0,0.23
939,Kristians Rubins,0,0.37
940,Mason Shaw,0,0.37
941,Conor Timmins,0,0.26
942,Cale Fleury,0,0.28
943,Jaret Anderson-Dolan,0,0.62
944,Aleksi Heponiemi,0,0.56
945,Dmitri Samorukov,0,0.0
946,Jack Rathbone,0,0.49
947,Pierre-Olivier Joseph,0,0.29
948,Ian Mitchell,0,0.12
949,C.J. Smith,0,0.08
950,Mike Vecchione,0,0.58
951,Johnathan Kovacevic,0,0.19
952,Jakub Galvas,0,0.46
953,Ben Jones,0,0.05
954,Wyatt Kalynuk,0,0.18
955,Alexander True,0,0.32
956,Joey Keane,0,0.05
957,Sheldon Rempal,0,0.13
958,Nicolas Beaudin,0,0.09
959,Martin Kaut,0,0.04
960,Alexander Alexeyev,0,0.0
961,Filip Hallander,0,0.0
962,Grigori Denisenko,0,0.28
963,Sampo Ranta,0,0.64
964,Ty Dellandrea,0,0.04
965,Liam Foudy,0,0.07
966,Cameron Hillis,0,0.03
967,Jordan Gross,0,0.0
968,Declan Chisholm,0,0.07
969,Hunter Drew,0,0.0
970,David Gustafsson,0,0.0
971,Egor Sokolov,0,0.67
972,Cole Reinhardt,0,0.05
973,Brayden Pachal,0,0.06
974,Egor Zamula,0,0.19
975,Samuel Fagemo,0,0.71
976,Jon Lizotte,0,0.03
977,Kaedan Korczak,0,0.01
978,Brayden Tracey,0,0.11
979,Alex Turcotte,0,1.15
980,Adam Beckman,0,0.08
981,Artemi Kniazev,0,0.1
982,Shane Pinto,0,0.92
983,Victor Soderstrom,0,0.51
984,Pavel Dorofeyev,0,0.24
985,Cole Schwindt,0,0.37
986,Viktor Lodin,0,0.12
987,Tyce Thompson,0,0.23
988,Bryce Kindopp,0,0.09
989,Ben McCartney,0,0.18
990,Zachary Hayes,0,0.03
991,Brandon Biro,0,0.04
992,Cole Smith,0,0.3
993,Mitchell Chaffee,0,0.16
994,Jack Ahcan,0,0.11
995,Marco Rossi,0,0.25
996,Jacob Perreault,0,0.17
997,JJ Peterka,0,0.23
998,Isaak Phillips,0,0.1
999,Adam Raska,0,0.59
1000,Linus Sandin,0,0.01
1001,Jeff Malott,0,0.0
1002,Walker Duehr,0,0.0
1003,Kirill Semyonov,0,0.09
